Domain,Status,Attractiveness,Demand,Length,Sectors,Created,Expires,Registrar
brief.pink,available,124,19%,5,"Business,Education,General,Law",,,
complete.pink,available,120,21%,8,"Manufacturing,Retail,Technology",,,
flat.pink,expiring,116,23%,4,"Construction,Real Estate",20/09/2023 07:22,20/09/2025 07:22,"Key-Systems, LLC"
tenth.pink,available,116,7%,5,Mathematics,,,
equal.pink,available,116,19%,5,"Education,General,Law",,,
zero.pink,expired,112,49%,4,Mathematics,15/07/2024 15:14,15/07/2025 15:14,"DNSPod, Inc."
hotshot.pink,available,112,14%,7,"Business,Entertainment,Sports",,,
acute.pink,available,112,9%,5,"Mathematics,Medicine,Science",,,
above.pink,available,112,22%,5,Business,,,
abstract.pink,available,108,29%,8,"Arts,Humanities,Science",,,
abiding.pink,available,106,5%,7,"General,Religion",,,
active.pink,available,104,27%,6,"Health and Fitness,Sports,Travel",,,
teen.pink,available,104,14%,4,"Education,Entertainment,Healthcare",,,
expert.pink,available,104,26%,6,"Business,Education,Technology",,,
eight.pink,available,102,23%,5,"General,Mathematics",,,
absent.pink,available,102,8%,6,"Business,Education,Technology",,,
captive.pink,available,102,14%,7,"Entertainment,Hospitality,Technology",,,
sixth.pink,available,100,8%,5,Mathematics,,,
crack.pink,available,100,20%,5,Sports,,,
adjunct.pink,available,100,5%,7,Education,,,
remove.pink,available,100,13%,6,"Construction,Manufacturing,Technology",,,
third.pink,available,100,15%,5,Mathematics,,,
eighth.pink,available,100,6%,6,Mathematics,,,
abrupt.pink,available,100,3%,6,"Medicine,Science",,,
ninth.pink,available,100,9%,5,Mathematics,,,
whiz.pink,available,100,12%,4,"Business,Education,Technology",,,
genius.pink,expired,98,46%,6,"Arts,Education,Technology",26/06/2024 22:59,26/06/2025 22:59,"Spaceship, Inc."
whizz.pink,available,98,11%,5,"Business,Education,Technology",,,
alamode.pink,available,96,12%,9,Fashion,,,
doable.pink,available,96,9%,6,"Business,Education,Technology",,,
academic.pink,available,96,20%,8,"Education,Humanities,Science",,,
actual.pink,available,96,22%,6,"Real Estate,Retail,Technology",,,
forgiving.pink,available,96,3%,9,"Healthcare,Religion",,,
around.pink,available,94,22%,6,"Business,General,Media,Technology",,,
adequate.pink,available,94,9%,8,"Education,Healthcare,Technology",,,
abject.pink,available,94,7%,6,Humanities,,,
about.pink,available,94,28%,5,"Business,General,Media,Technology",,,
virtuoso.pink,available,94,16%,8,"Arts,Entertainment",,,
adept.pink,available,92,24%,5,"Education,Health and Fitness,Sports",,,
twentieth.pink,available,92,3%,9,Mathematics,,,
derelict.pink,available,92,7%,8,"Construction,Real Estate",,,
exemplary.pink,available,92,5%,9,"Business,Education,Healthcare",,,
neutral.pink,available,92,20%,7,"Business,Media,Politics",,,
adjective.pink,available,92,5%,9,Education,,,
abroad.pink,available,92,12%,6,"Hospitality,Travel",,,
nought.pink,available,92,4%,6,Mathematics,,,
next.pink,available,92,43%,4,"Retail,Technology,Transportation",,,
addictive.pink,available,90,9%,9,Healthcare,,,
adoring.pink,available,90,2%,7,"Entertainment,Fashion,Retail",,,
riveting.pink,available,90,6%,8,"Entertainment,Media,Technology",,,
gripping.pink,available,90,3%,8,"Entertainment,Media,Technology",,,
abortive.pink,available,90,1%,8,"Medicine,Science",,,
endearing.pink,available,90,1%,9,"Entertainment,Fashion,Retail",,,
additional.pink,available,90,8%,10,"Fashion,Retail,Technology",,,
leash.pink,available,90,7%,5,"General,Health and Fitness,Retail",,,
three.pink,expired,88,23%,5,Mathematics,12/07/2024 08:10,12/07/2025 08:10,Xin Net Technology Corporation
twelve.pink,available,88,18%,6,"General,Mathematics",,,
eleven.pink,available,88,32%,6,Mathematics,,,
adlib.pink,available,88,7%,6,Entertainment,,,
activist.pink,available,88,12%,8,"Humanities,Politics",,,
proficient.pink,available,88,8%,10,"Education,Health and Fitness,Sports",,,
ace.pink,available,88,34%,3,Sports,,,
hundred.pink,available,88,13%,7,Mathematics,,,
wide.pink,available,88,18%,4,"Business,Media,Technology",,,
fifteen.pink,available,88,13%,7,Mathematics,,,
actionable.pink,available,88,13%,10,"Business,Law",,,
attendant.pink,available,86,5%,9,"Healthcare,Hospitality,Transportation",,,
star.pink,resell,86,40%,4,"Entertainment,Media,Sports",05/01/2024 17:00,05/01/2026 17:00,Porkbun LLC
recondite.pink,available,86,4%,9,"Arts,Humanities,Science",,,
aboriginal.pink,available,86,10%,10,Humanities,,,
engrossing.pink,available,86,0%,10,"Entertainment,Media,Technology",,,
extempore.pink,available,86,3%,9,Entertainment,,,
xiv.pink,available,86,12%,3,Mathematics,,,
xix.pink,available,86,10%,3,Mathematics,,,
adolescent.pink,available,86,3%,10,"Education,Entertainment,Healthcare",,,
intent.pink,available,86,25%,6,"Business,Education,Technology",,,
adjustable.pink,available,84,3%,10,"Manufacturing,Retail,Technology",,,
accessory.pink,available,84,8%,9,"Fashion,Retail,Technology",,,
thirteen.pink,available,84,10%,8,Mathematics,,,
grand.pink,available,84,25%,5,"Finance,General",,,
twentytwo.pink,available,84,10%,10,Mathematics,,,
deviate.pink,available,84,12%,7,"Medicine,Science",,,
acting.pink,available,84,12%,6,Entertainment,,,
seventeen.pink,available,84,7%,9,Mathematics,,,
sharp.pink,available,84,34%,5,"Arts,Fashion",,,
twentyone.pink,available,84,13%,10,Mathematics,,,
fourteen.pink,available,84,8%,8,Mathematics,,,
thousand.pink,available,84,8%,8,Mathematics,,,
nineteen.pink,available,84,8%,8,Mathematics,,,
fivesome.pink,available,82,1%,8,Sports,,,
enduring.pink,available,82,9%,8,"Health and Fitness,Religion",,,
abroach.pink,available,82,1%,7,Food and Beverage,,,
abdominal.pink,available,82,1%,9,"Health and Fitness,Medicine",,,
absorbent.pink,available,82,3%,9,"Healthcare,Manufacturing,Retail",,,
cleansing.pink,available,82,3%,9,Health and Fitness,,,
impromptu.pink,available,82,16%,9,Entertainment,,,
decade.pink,available,82,10%,6,Mathematics,,,
abenaki.pink,available,82,2%,7,Geography,,,
altered.pink,available,82,9%,7,"Medicine,Science",,,
abkhaz.pink,available,82,1%,6,Geography,,,
absolute.pink,available,80,25%,8,"Engineering,Mathematics,Science",,,
sequent.pink,available,80,7%,7,"Healthcare,Insurance,Transportation",,,
worshipful.pink,available,80,1%,10,"Education,Healthcare,Religion",,,
superstar.pink,available,80,18%,9,Entertainment,,,
trio.pink,available,80,21%,4,Entertainment,,,
adoptable.pink,available,80,3%,9,"Education,Healthcare",,,
some.pink,available,80,32%,4,"Business,Media,Retail",,,
wiz.pink,available,80,30%,3,"Business,Education,Technology",,,
absurd.pink,available,80,16%,6,"Arts,Entertainment,Media",,,
two.pink,available,80,23%,3,Mathematics,,,
forty.pink,available,80,9%,5,Mathematics,,,
absorbable.pink,available,80,0%,10,"Healthcare,Pharmaceuticals,Science",,,
twenty.pink,available,80,12%,6,Mathematics,,,
seventh.pink,available,80,10%,7,Mathematics,,,
capable.pink,available,80,12%,7,"Business,Education,Technology",,,
abundant.pink,available,80,19%,8,"Agriculture,Manufacturing,Retail",,,
able.pink,available,80,29%,4,"Business,Education,General,Technology",,,
nine.pink,available,80,24%,4,"General,Mathematics",,,
dorsal.pink,available,80,6%,6,"Medicine,Science",,,
acceptant.pink,available,78,1%,9,"Education,Healthcare",,,
abkhasian.pink,available,78,1%,9,Geography,,,
accidental.pink,available,78,11%,10,"Healthcare,Insurance,Transportation",,,
absorptive.pink,available,78,1%,10,"Healthcare,Manufacturing,Retail",,,
dormant.pink,available,78,4%,7,"Medicine,Science",,,
athletic.pink,available,78,15%,8,"Health and Fitness,Sports",,,
sixtynine.pink,available,78,8%,10,Mathematics,,,
adorable.pink,available,78,8%,8,"Entertainment,Fashion,Retail",,,
low.pink,available,78,20%,3,"Business,Finance",,,
adjacent.pink,available,78,9%,8,"Construction,Real Estate,Retail",,,
honestly.pink,available,78,9%,8,"Business,Law",,,
recognised.pink,available,78,3%,10,"Business,Education,Technology",,,
adrenal.pink,available,78,4%,7,"Education,Healthcare,Science",,,
abounding.pink,available,78,2%,9,Agriculture,,,
accessible.pink,available,78,21%,10,"Healthcare,Retail,Technology",,,
twentysix.pink,available,78,8%,10,Mathematics,,,
recognized.pink,available,78,3%,10,"Business,Education,Technology",,,
accurate.pink,available,78,16%,8,"Engineering,Mathematics,Science",,,
accepted.pink,available,78,6%,8,"Business,Education,Technology",,,
abkhazian.pink,available,78,1%,9,Geography,,,
acceptable.pink,available,78,5%,10,"Business,Hospitality,Retail",,,
incidental.pink,available,76,4%,10,"Healthcare,Insurance,Transportation",,,
ague.pink,available,76,2%,4,"Geography,Medicine,Science",,,
ventral.pink,available,76,3%,7,Science,,,
thousandth.pink,available,76,1%,10,Mathematics,,,
adaptive.pink,available,76,28%,8,"Business,Education,Technology",,,
energizing.pink,available,76,3%,10,"Food and Beverage,Health and Fitness,Travel",,,
eighteen.pink,available,76,7%,8,Mathematics,,,
thirteenth.pink,available,76,3%,10,Mathematics,,,
addable.pink,available,76,2%,7,"Engineering,Mathematics,Science",,,
auxiliary.pink,available,76,7%,9,"Healthcare,Manufacturing,Technology",,,
hundredth.pink,available,76,1%,9,Mathematics,,,
fourteenth.pink,available,76,2%,10,Mathematics,,,
resultant.pink,available,76,2%,9,"Healthcare,Insurance,Transportation",,,
abrasive.pink,available,76,6%,8,"Construction,Manufacturing",,,
improvise.pink,available,76,4%,9,Entertainment,,,
adhesive.pink,available,76,7%,8,"Construction,Manufacturing,Technology",,,
obscene.pink,available,76,5%,7,"Entertainment,Media",,,
adherent.pink,available,76,4%,8,"Politics,Religion",,,
adipose.pink,available,76,2%,7,"Healthcare,Science",,,
acoustic.pink,available,76,14%,8,Science,,,
firstrate.pink,available,76,6%,10,Business,,,
fifteenth.pink,available,76,2%,9,Mathematics,,,
diamond.pink,available,76,32%,7,Fashion,,,
adaptable.pink,available,76,9%,9,"Business,Education,Technology",,,
threed.pink,available,76,7%,7,Technology,,,
nineteenth.pink,available,76,3%,10,Mathematics,,,
ancillary.pink,available,76,6%,9,"Healthcare,Manufacturing,Technology",,,
skilful.pink,available,74,3%,7,"Education,Health and Fitness,Sports",,,
mavin.pink,available,74,7%,5,"Entertainment,Fashion,Technology",,,
realizable.pink,available,74,1%,10,"Business,Education,Technology",,,
playing.pink,available,74,12%,7,Entertainment,,,
accepting.pink,available,74,3%,9,"Education,Healthcare",,,
cleared.pink,available,74,7%,7,"Healthcare,Law,Transportation",,,
adamant.pink,available,74,14%,7,Religion,,,
activated.pink,available,74,9%,9,"Healthcare,Manufacturing,Technology",,,
supra.pink,available,74,25%,5,"Medicine,Science",,,
adapted.pink,available,74,6%,7,"Healthcare,Manufacturing,Technology",,,
adrenergic.pink,available,74,1%,10,"Education,Healthcare,Science",,,
acuate.pink,available,74,2%,6,"Engineering,Medicine,Science",,,
manageable.pink,available,74,4%,10,"Business,Education,Technology",,,
admirable.pink,available,74,5%,9,"Business,Education,Healthcare",,,
adenoid.pink,available,74,1%,7,"Health and Fitness,Medicine,Science",,,
abnormal.pink,available,74,16%,8,"Medicine,Science",,,
single.pink,available,74,19%,6,Sports,,,
achievable.pink,available,74,4%,10,"Business,Education,Technology",,,
broad.pink,available,74,13%,5,"Entertainment,General,Media",,,
aberrant.pink,available,74,6%,8,"Medicine,Science",,,
sensation.pink,available,74,7%,9,"Entertainment,Media,Sports",,,
ninetieth.pink,available,72,1%,9,Mathematics,,,
engrossed.pink,available,72,1%,9,"Entertainment,Media,Technology",,,
ablaze.pink,available,72,6%,6,Entertainment,,,
adaptative.pink,available,72,1%,10,"Business,Education,Technology",,,
deep.pink,resell,72,41%,4,"Engineering,Mathematics,Science",17/04/2014 16:00,17/04/2026 16:00,Dynadot Inc
adjectival.pink,available,72,1%,10,Education,,,
seventieth.pink,available,72,1%,10,Mathematics,,,
aching.pink,available,72,4%,6,Healthcare,,,
adiabatic.pink,available,72,3%,9,"Engineering,Science",,,
abreast.pink,available,72,2%,7,"Business,Technology",,,
champion.pink,available,72,28%,8,"Entertainment,Health and Fitness,Sports",,,
sixtieth.pink,available,72,1%,8,Mathematics,,,
absolutist.pink,available,72,1%,10,"Humanities,Law,Politics",,,
adonic.pink,available,72,2%,6,"Arts,Education,Entertainment",,,
improvize.pink,available,72,1%,9,Entertainment,,,
trey.pink,available,72,13%,4,Sports,,,
abloom.pink,available,72,5%,6,Agriculture,,,
existent.pink,available,72,3%,8,"Mathematics,Science",,,
eightieth.pink,available,72,1%,9,Mathematics,,,
absorbed.pink,available,72,2%,8,"Entertainment,Media,Technology",,,
accusative.pink,available,72,0%,10,"Humanities,Law",,,
addicted.pink,expiring,72,9%,8,Healthcare,17/09/2024 13:14,17/09/2025 13:14,Dynadot Inc
accustomed.pink,available,72,1%,10,"Business,Education,Humanities",,,
ternary.pink,available,72,7%,7,Mathematics,,,
adjunctive.pink,available,72,1%,10,"Healthcare,Manufacturing,Technology",,,
trinity.pink,available,72,18%,7,Religion,,,
absorbing.pink,available,70,3%,9,"Entertainment,Media,Technology",,,
miserable.pink,available,70,4%,9,Humanities,,,
adamantine.pink,available,70,4%,10,Religion,,,
adored.pink,expiring,70,6%,6,"Entertainment,Fashion,Retail",17/09/2024 12:32,17/09/2025 12:32,Dynadot Inc
offhand.pink,available,70,2%,7,Entertainment,,,
stillborn.pink,available,70,2%,9,"Medicine,Science",,,
admired.pink,available,70,5%,7,"Business,Education,Healthcare",,,
accumbent.pink,available,70,1%,9,"Healthcare,Medicine,Science",,,
skillful.pink,available,70,9%,8,"Education,Health and Fitness,Sports",,,
lowdown.pink,available,70,6%,8,"Entertainment,Media",,,
tiptop.pink,available,70,24%,6,Fashion,,,
abulic.pink,available,70,1%,6,Medicine,,,
consequent.pink,available,70,3%,10,"Business,Education,General,Technology",,,
recumbent.pink,available,70,2%,9,"Healthcare,Medicine,Science",,,
practiced.pink,available,70,3%,9,"Education,Health and Fitness,Sports",,,
adjusted.pink,available,70,5%,8,"Manufacturing,Retail,Technology",,,
acuminate.pink,available,70,1%,9,"Engineering,Medicine,Science",,,
abradant.pink,available,70,1%,8,"Construction,Manufacturing",,,
gymnastic.pink,available,70,3%,9,"Entertainment,Sports",,,
disciple.pink,available,68,14%,8,"Education,Religion",,,
fiftieth.pink,available,68,1%,8,Mathematics,,,
acerate.pink,available,68,1%,7,Science,,,
achaian.pink,available,68,2%,7,Humanities,,,
aberdonian.pink,available,68,1%,10,Geography,,,
ennead.pink,available,68,5%,6,Mathematics,,,
activating.pink,available,68,3%,10,"Healthcare,Manufacturing,Technology",,,
abkhas.pink,available,68,0%,6,Geography,,,
sevener.pink,available,68,1%,7,Mathematics,,,
licensed.pink,available,68,5%,8,"Business,Healthcare,Insurance",,,
abducent.pink,available,68,0%,8,Medicine,,,
foursome.pink,available,68,4%,8,Sports,,,
octonary.pink,available,68,1%,8,Mathematics,,,
overseas.pink,available,68,12%,8,"Hospitality,Travel",,,
threesome.pink,available,68,5%,9,Entertainment,,,
scurvy.pink,available,68,3%,6,Humanities,,,
septenary.pink,available,68,2%,9,Mathematics,,,
aroused.pink,available,68,3%,7,"Entertainment,Health and Fitness",,,
fortieth.pink,available,68,1%,8,Mathematics,,,
decorated.pink,available,68,3%,9,"Entertainment,Fashion,Retail",,,
ablative.pink,available,68,3%,8,Science,,,
achaean.pink,available,68,2%,7,Humanities,,,
accredited.pink,available,68,9%,10,"Business,Education,Healthcare",,,
aculeate.pink,available,68,1%,8,"Engineering,Medicine,Science",,,
ane.pink,available,68,12%,3,Mathematics,,,
vindicated.pink,available,68,2%,10,"Humanities,Law,Politics",,,
licenced.pink,available,68,2%,8,"Business,Healthcare,Insurance",,,
thirtieth.pink,available,68,1%,9,Mathematics,,,
abnaki.pink,available,68,1%,6,Geography,,,
stygian.pink,available,68,5%,7,Humanities,,,
tenner.pink,available,66,4%,6,Finance,,,
century.pink,available,66,17%,7,Education,,,
adorned.pink,available,66,5%,7,"Entertainment,Fashion,Retail",,,
buzzing.pink,available,66,7%,7,"Entertainment,Media,Technology",,,
four.pink,available,66,27%,4,Mathematics,,,
modish.pink,available,66,5%,6,Fashion,,,
maven.pink,available,66,30%,5,"Entertainment,Fashion,Technology",,,
fifty.pink,expired,66,13%,5,Mathematics,04/07/2024 15:00,04/07/2025 15:00,Squarespace Domains LLC
xviii.pink,available,66,4%,5,Mathematics,,,
sextet.pink,available,66,2%,6,Entertainment,,,
ninety.pink,available,66,11%,6,Mathematics,,,
acrobatic.pink,available,66,4%,9,"Entertainment,Sports",,,
xxvi.pink,available,66,3%,4,Mathematics,,,
teenager.pink,available,66,4%,8,"Education,Entertainment,Healthcare",,,
clv.pink,available,66,10%,3,Mathematics,,,
adopted.pink,available,66,4%,7,"Education,Healthcare",,,
xvi.pink,available,66,4%,3,Mathematics,,,
according.pink,available,66,3%,9,"Business,Education,Technology",,,
xxv.pink,available,66,6%,3,Mathematics,,,
accessary.pink,available,66,1%,9,"Business,Law,Technology",,,
xii.pink,available,66,10%,3,Mathematics,,,
xiii.pink,available,66,9%,4,Mathematics,,,
exonerated.pink,available,66,2%,10,"Humanities,Law,Politics",,,
latest.pink,available,66,18%,6,Technology,,,
eighty.pink,available,66,6%,6,Mathematics,,,
xxi.pink,available,66,10%,3,Mathematics,,,
deuce.pink,available,66,8%,5,Sports,,,
xxii.pink,available,66,6%,4,Mathematics,,,
thirty.pink,available,66,7%,6,Mathematics,,,
five.pink,available,66,26%,4,Mathematics,,,
performing.pink,available,66,6%,10,Entertainment,,,
abstinent.pink,available,66,1%,9,"Health and Fitness,Religion",,,
xvii.pink,available,66,5%,4,Mathematics,,,
onec.pink,available,66,6%,5,Mathematics,,,
acappella.pink,available,66,6%,10,Entertainment,,,
acervate.pink,available,66,1%,8,Science,,,
ccc.pink,available,64,38%,3,Mathematics,,,
deviant.pink,available,64,12%,7,"Medicine,Science",,,
acentric.pink,available,64,2%,8,Science,,,
accordant.pink,available,64,3%,9,"Arts,Entertainment",,,
adagio.pink,available,64,14%,6,Entertainment,,,
astringent.pink,available,64,1%,10,"Healthcare,Pharmaceuticals",,,
rising.pink,expiring,64,18%,6,"Construction,Manufacturing,Real Estate",17/09/2024 13:14,17/09/2025 13:14,Dynadot Inc
absolved.pink,available,64,1%,8,"Humanities,Law,Religion",,,
scatty.pink,available,64,1%,6,"Arts,Entertainment,Media",,,
aflame.pink,available,64,3%,6,Entertainment,,,
nondrinker.pink,available,64,1%,10,"Health and Fitness,Religion",,,
playacting.pink,available,62,1%,10,Entertainment,,,
cumulative.pink,available,62,2%,10,"Banking,Finance,Insurance",,,
ensuant.pink,available,62,1%,7,"Healthcare,Insurance,Transportation",,,
twodozen.pink,available,62,1%,9,Mathematics,,,
acidic.pink,available,62,5%,6,"Food and Beverage,Science",,,
troika.pink,available,62,8%,6,Politics,,,
adjuvant.pink,available,62,5%,8,"Healthcare,Manufacturing,Technology",,,
longdozen.pink,available,62,1%,10,Mathematics,,,
eleventh.pink,available,62,5%,8,Mathematics,,,
orso.pink,available,62,9%,5,"Business,Media,Technology",,,
exculpated.pink,available,62,1%,10,"Humanities,Law,Politics",,,
eighteenth.pink,available,62,1%,10,Mathematics,,,
nail.pink,resell,62,16%,4,"Construction,Fashion,General,Retail",10/07/2024 12:16,10/07/2026 12:16,"NameCheap, Inc."
aufait.pink,available,62,3%,7,"Fashion,Media",,,
aborigine.pink,available,62,1%,9,Humanities,,,
activistic.pink,available,62,1%,10,"Humanities,Politics",,,
activation.pink,available,62,16%,10,"Healthcare,Manufacturing,Technology",,,
pungent.pink,available,62,1%,7,Food and Beverage,,,
accrued.pink,available,62,2%,7,"Banking,Finance,Insurance",,,
roughly.pink,available,62,3%,7,"Business,Media,Technology",,,
adoptive.pink,available,62,1%,8,"Education,Healthcare",,,
fortyfour.pink,available,62,6%,10,Mathematics,,,
quartet.pink,available,62,7%,7,"Arts,Entertainment",,,
chiliad.pink,available,62,2%,7,Mathematics,,,
accusing.pink,available,62,1%,8,Law,,,
wrapped.pink,available,62,13%,7,"Fashion,Hospitality,Retail",,,
sixteenth.pink,available,62,1%,9,Mathematics,,,
admissible.pink,available,62,1%,10,"Education,Healthcare,Law",,,
paunchy.pink,available,60,0%,7,"Health and Fitness,Medicine",,,
cxxx.pink,available,60,3%,4,Mathematics,,,
eightysix.pink,available,60,7%,10,Mathematics,,,
annexal.pink,available,60,1%,7,"Agriculture,Manufacturing,Retail",,,
abstemious.pink,available,60,0%,10,"Food and Beverage,Health and Fitness,Hospitality",,,
cxxxv.pink,available,60,1%,5,Mathematics,,,
acceptive.pink,available,60,1%,9,"Education,Healthcare",,,
cxlv.pink,available,60,2%,4,Mathematics,,,
clxxv.pink,available,60,1%,5,Mathematics,,,
aboveboard.pink,available,60,5%,10,"Business,Law",,,
adnexal.pink,available,60,1%,7,"Agriculture,Manufacturing,Retail",,,
clx.pink,available,60,8%,3,Mathematics,,,
octet.pink,available,60,12%,5,Arts,,,
clxx.pink,available,60,2%,4,Mathematics,,,
idolized.pink,available,60,3%,8,"Entertainment,Fashion,Retail",,,
sixty.pink,available,60,13%,5,Mathematics,,,
adnate.pink,available,60,1%,6,"Agriculture,Manufacturing,Retail",,,
idolised.pink,available,60,1%,8,"Entertainment,Fashion,Retail",,,
abashed.pink,available,60,1%,7,Humanities,,,
clxxx.pink,available,60,1%,5,Mathematics,,,
thou.pink,available,60,7%,4,Mathematics,,,
cautionary.pink,available,60,1%,10,"Business,Education,Healthcare",,,
cxv.pink,available,60,4%,3,Mathematics,,,
cxl.pink,available,60,7%,3,Mathematics,,,
xcl.pink,available,60,5%,3,Mathematics,,,
clxv.pink,available,60,1%,4,Mathematics,,,
tertiary.pink,available,60,4%,8,Education,,,
cxx.pink,available,60,9%,3,Mathematics,,,
abstainer.pink,available,60,0%,9,"Health and Fitness,Religion",,,
cxxv.pink,available,60,1%,4,Mathematics,,,
tercet.pink,available,59,2%,6,"Arts,Entertainment,Media",,,
niner.pink,available,58,5%,5,Mathematics,,,
acyclic.pink,available,58,4%,7,"Engineering,Mathematics,Science",,,
enwrapped.pink,available,58,0%,9,"Entertainment,Fashion,Media",,,
aucourant.pink,available,58,3%,10,"Fashion,Media",,,
adient.pink,available,58,4%,6,"Medicine,Science",,,
justabout.pink,available,58,3%,10,"Business,Media,Technology",,,
accretive.pink,available,58,6%,9,"Banking,Finance,Insurance",,,
octad.pink,available,58,5%,5,Mathematics,,,
offhanded.pink,available,58,1%,9,Entertainment,,,
abridged.pink,available,58,4%,8,Media,,,
ache.pink,available,58,7%,4,Healthcare,,,
adjustive.pink,available,58,1%,9,"Manufacturing,Retail,Technology",,,
sextuplet.pink,available,58,1%,9,Healthcare,,,
accented.pink,available,58,3%,8,"Arts,Entertainment",,,
addressed.pink,available,58,3%,9,"Business,Technology,Telecommunications",,,
lxxx.pink,available,58,2%,4,Mathematics,,,
centesimal.pink,available,58,1%,10,Mathematics,,,
abuzz.pink,available,58,5%,5,"Entertainment,Media,Technology",,,
cypher.pink,available,58,28%,6,Mathematics,,,
fifth.pink,available,58,12%,5,Mathematics,,,
acetic.pink,available,58,1%,6,"Food and Beverage,Science",,,
addible.pink,available,58,2%,7,"Engineering,Mathematics,Science",,,
eighter.pink,available,58,2%,7,Mathematics,,,
abused.pink,available,58,5%,6,"Healthcare,Law",,,
fourscore.pink,available,58,4%,9,Mathematics,,,
sixer.pink,available,58,5%,5,Sports,,,
linear.pink,available,58,22%,6,"Engineering,Mathematics,Science",,,
alacarte.pink,available,58,11%,10,Food and Beverage,,,
pentad.pink,available,58,3%,6,Mathematics,,,
heptad.pink,available,58,2%,6,Mathematics,,,
tetrad.pink,available,58,5%,6,Mathematics,,,
adhoc.pink,available,58,24%,6,"Business,Engineering,Technology",,,
hexad.pink,available,58,5%,5,Mathematics,,,
twelfth.pink,available,58,2%,7,Mathematics,,,
accoutred.pink,available,58,1%,9,"Fashion,Manufacturing,Retail",,,
super.pink,resell,58,47%,5,Business,03/04/2025 15:15,03/04/2026 15:15,"Xiamen ChinaSource Internet Service Co., Ltd"
fourth.pink,available,58,13%,6,Mathematics,,,
actuarial.pink,available,58,8%,9,"Finance,Insurance,Mathematics",,,
quintet.pink,available,58,8%,7,"Arts,Entertainment",,,
sixtyone.pink,available,58,5%,9,Mathematics,,,
closeto.pink,available,58,3%,8,"Business,Media,Technology",,,
seventy.pink,available,58,7%,7,Mathematics,,,
lxxviii.pink,available,58,1%,7,Mathematics,,,
abandoned.pink,available,58,10%,9,"Construction,Real Estate",,,
xliii.pink,available,56,1%,5,Mathematics,,,
xxxvii.pink,available,56,2%,6,Mathematics,,,
liii.pink,available,56,4%,4,Mathematics,,,
xxxi.pink,available,56,8%,4,Mathematics,,,
fiftyfour.pink,available,56,4%,10,Mathematics,,,
xlvii.pink,available,56,2%,5,Mathematics,,,
lvii.pink,available,56,2%,4,Mathematics,,,
abeyant.pink,available,56,1%,7,"Business,Law",,,
abdominous.pink,available,56,0%,10,"Health and Fitness,Medicine",,,
potbellied.pink,available,56,0%,10,"Health and Fitness,Medicine",,,
xliv.pink,available,56,3%,4,Mathematics,,,
fortysix.pink,available,56,4%,9,Mathematics,,,
fiftyone.pink,available,56,8%,9,Mathematics,,,
xxxvi.pink,available,56,1%,5,Mathematics,,,
ilx.pink,available,56,6%,3,Mathematics,,,
xlviii.pink,available,56,1%,6,Mathematics,,,
thirtyone.pink,available,56,4%,10,Mathematics,,,
fortyone.pink,available,56,5%,9,Mathematics,,,
fiftysix.pink,available,56,4%,9,Mathematics,,,
triad.pink,available,56,15%,5,Arts,,,
addled.pink,available,56,2%,6,Entertainment,,,
thirtysix.pink,available,56,5%,10,Mathematics,,,
lviii.pink,available,56,1%,5,Mathematics,,,
xxxii.pink,available,56,1%,5,Mathematics,,,
xlvi.pink,available,56,3%,4,Mathematics,,,
admittible.pink,available,56,1%,10,"Education,Healthcare,Hospitality",,,
aone.pink,available,56,15%,5,Food and Beverage,,,
halfdozen.pink,available,56,1%,10,Mathematics,,,
thirtytwo.pink,available,56,4%,10,Mathematics,,,
xxxiii.pink,available,56,2%,6,Mathematics,,,
appressed.pink,available,56,0%,9,"Agriculture,Manufacturing,Retail",,,
fortynine.pink,available,56,3%,10,Mathematics,,,
xxxiv.pink,available,56,1%,5,Mathematics,,,
xxxviii.pink,available,56,1%,7,Mathematics,,,
xxiv.pink,available,56,5%,4,Mathematics,,,
maledict.pink,available,56,1%,8,Religion,,,
xlii.pink,available,56,5%,4,Mathematics,,,
xxiii.pink,available,56,4%,5,Mathematics,,,
xlv.pink,available,56,6%,3,Mathematics,,,
xxviii.pink,available,56,1%,6,Mathematics,,,
fiftytwo.pink,available,56,6%,9,Mathematics,,,
lii.pink,available,56,7%,3,Mathematics,,,
xxvii.pink,available,56,3%,5,Mathematics,,,
xli.pink,available,56,5%,3,Mathematics,,,
accoutered.pink,available,56,0%,10,"Fashion,Manufacturing,Retail",,,
admittable.pink,available,56,1%,10,"Education,Healthcare,Hospitality",,,
admissive.pink,available,56,1%,9,"Education,Healthcare,Hospitality",,,
lvi.pink,available,56,8%,3,Mathematics,,,
fiftynine.pink,available,56,4%,10,Mathematics,,,
xxix.pink,available,56,4%,4,Mathematics,,,
xxxv.pink,available,56,4%,4,Mathematics,,,
terzetto.pink,available,56,3%,8,Arts,,,
fiftyfive.pink,available,56,8%,10,Mathematics,,,
actuated.pink,available,54,2%,8,"Automotive,Manufacturing,Technology",,,
accentual.pink,available,54,3%,9,"Arts,Entertainment",,,
abatable.pink,available,54,1%,8,Law,,,
abatic.pink,available,54,1%,6,Science,,,
adductive.pink,available,54,0%,9,"Engineering,Mathematics,Science",,,
abducens.pink,available,54,1%,8,Medicine,,,
deuceace.pink,available,54,1%,9,Sports,,,
scratchy.pink,available,54,3%,8,Fashion,,,
achy.pink,available,54,3%,4,Healthcare,,,
abhorrent.pink,available,54,1%,9,Humanities,,,
iii.pink,available,54,24%,3,Mathematics,,,
adducting.pink,available,54,1%,9,"Engineering,Mathematics,Science",,,
unnatural.pink,available,54,4%,9,"Medicine,Science",,,
quintuplet.pink,available,54,1%,10,"Healthcare,Medicine,Science",,,
twoscore.pink,available,54,2%,8,Mathematics,,,
aboral.pink,available,54,2%,6,Science,,,
achromatic.pink,available,54,4%,10,Science,,,
quatern.pink,available,54,2%,7,Mathematics,,,
monitory.pink,available,54,3%,8,"Business,Education,Healthcare",,,
fin.pink,expiring,54,30%,3,Finance,20/09/2020 00:44,20/09/2025 00:44,"DNSPod, Inc."
fortyfive.pink,available,54,5%,10,Mathematics,,,
abaxial.pink,available,54,1%,7,Science,,,
quadruplet.pink,available,54,1%,10,"Healthcare,Medicine,Science",,,
viii.pink,available,54,6%,4,Mathematics,,,
ternion.pink,available,54,3%,7,Mathematics,,,
adducent.pink,available,54,1%,8,"Engineering,Mathematics,Science",,,
adaxial.pink,available,54,2%,7,Science,,,
sise.pink,available,54,5%,4,Mathematics,,,
accursed.pink,available,54,3%,8,"Entertainment,Media,Religion",,,
topnotch.pink,available,54,18%,8,Business,,,
abasic.pink,available,54,1%,6,Science,,,
quaternion.pink,available,54,6%,10,Mathematics,,,
threescore.pink,available,54,2%,10,Mathematics,,,
abient.pink,available,54,1%,6,Science,,,
adjuratory.pink,available,54,0%,10,"Law,Politics,Religion",,,
acoustical.pink,available,54,4%,10,Science,,,
quaternity.pink,available,54,4%,10,Mathematics,,,
vii.pink,available,54,13%,3,Mathematics,,,
adpressed.pink,available,54,0%,9,"Agriculture,Manufacturing,Retail",,,
deserted.pink,available,54,3%,8,"Hospitality,Real Estate",,,
admonitory.pink,available,54,0%,10,"Business,Education,Healthcare",,,
sestet.pink,available,53,1%,6,Arts,,,
xxx.pink,expiring,53,30%,3,"Arts,Entertainment,Media",27/08/2022 13:15,27/08/2025 13:15,"Sav.com, LLC - 31"
septet.pink,available,53,1%,6,General,,,
aboulic.pink,available,52,1%,7,Medicine,,,
littlejoe.pink,available,52,2%,10,"Entertainment,Media",,,
lxxiii.pink,available,52,2%,6,Mathematics,,,
xciii.pink,available,52,1%,5,Mathematics,,,
lxxxiii.pink,available,52,1%,7,Mathematics,,,
ablated.pink,available,52,1%,7,Science,,,
xcv.pink,available,52,7%,3,Mathematics,,,
lxxxiv.pink,available,52,1%,6,Mathematics,,,
xciv.pink,available,52,2%,4,Mathematics,,,
lxv.pink,available,52,5%,3,Mathematics,,,
lxxiv.pink,available,52,1%,5,Mathematics,,,
lxxvii.pink,available,52,2%,6,Mathematics,,,
ninetysix.pink,available,52,4%,10,Mathematics,,,
abominable.pink,available,52,2%,10,"Entertainment,Humanities",,,
lxiii.pink,available,52,2%,5,Mathematics,,,
lxviii.pink,available,52,2%,6,Mathematics,,,
abstruse.pink,available,52,5%,8,"Humanities,Mathematics,Science",,,
lxxxi.pink,available,52,1%,5,Mathematics,,,
ixc.pink,available,52,5%,3,Mathematics,,,
lxxxvi.pink,available,52,1%,6,Mathematics,,,
ninetyone.pink,available,52,5%,10,Mathematics,,,
detestable.pink,available,52,1%,10,Humanities,,,
ixl.pink,available,52,9%,3,Mathematics,,,
lxvii.pink,available,52,1%,5,Mathematics,,,
xcii.pink,available,52,2%,4,Mathematics,,,
sixtyfive.pink,available,52,3%,10,Mathematics,,,
lxii.pink,available,52,2%,4,Mathematics,,,
xcvii.pink,available,52,1%,5,Mathematics,,,
sixtysix.pink,available,52,5%,9,Mathematics,,,
adenoidal.pink,available,52,1%,9,"Health and Fitness,Medicine,Science",,,
lxi.pink,available,52,5%,3,Mathematics,,,
uphill.pink,available,52,7%,6,"Sports,Transportation,Travel",,,
xci.pink,available,52,4%,3,Mathematics,,,
ninetytwo.pink,available,52,4%,10,Mathematics,,,
repugnant.pink,available,52,1%,9,Humanities,,,
abusive.pink,available,52,3%,7,"Healthcare,Law",,,
lxiv.pink,available,52,3%,4,Mathematics,,,
eightyone.pink,available,52,3%,10,Mathematics,,,
lxxvi.pink,available,52,1%,5,Mathematics,,,
repulsive.pink,available,52,1%,9,Humanities,,,
lxxi.pink,available,52,2%,4,Mathematics,,,
lxxxii.pink,available,52,1%,6,Mathematics,,,
chagrined.pink,available,52,1%,9,Humanities,,,
xcviii.pink,available,52,1%,6,Mathematics,,,
lxvi.pink,available,52,3%,4,Mathematics,,,
tierce.pink,available,52,3%,6,General,,,
xcvi.pink,available,52,2%,4,Mathematics,,,
odious.pink,available,52,2%,6,"Entertainment,Humanities",,,
lxxxv.pink,available,52,1%,5,Mathematics,,,
decumbent.pink,available,52,1%,9,"Healthcare,Medicine,Science",,,
lxxxvii.pink,available,52,1%,7,Mathematics,,,
sixtytwo.pink,available,52,3%,9,Mathematics,,,
abysmal.pink,available,52,4%,7,"Arts,Entertainment,Media",,,
lxxv.pink,available,52,2%,4,Mathematics,,,
lxxii.pink,available,52,1%,5,Mathematics,,,
sixtyfour.pink,available,52,4%,10,Mathematics,,,
eightytwo.pink,available,52,4%,10,Mathematics,,,
quint.pink,available,50,13%,5,"Arts,Entertainment",,,
abducting.pink,available,50,0%,9,Medicine,,,
acerose.pink,available,50,1%,7,Science,,,
ogdoad.pink,available,50,1%,6,Mathematics,,,
adactylous.pink,available,50,0%,10,Science,,,
acetose.pink,available,50,1%,7,Science,,,
acapnotic.pink,available,50,0%,9,"Healthcare,Medicine,Science",,,
acerb.pink,available,50,2%,5,Science,,,
cinque.pink,available,50,7%,6,Mathematics,,,
abactinal.pink,available,50,0%,9,Science,,,
acerbic.pink,available,50,2%,7,"Arts,Humanities,Media",,,
acaudal.pink,available,50,1%,7,"Agriculture,Science",,,
acapnic.pink,available,50,0%,7,"Healthcare,Medicine,Science",,,
triplet.pink,available,50,8%,7,Science,,,
abranchial.pink,available,50,0%,10,Science,,,
gillless.pink,available,50,0%,9,Science,,,
vinegary.pink,available,50,1%,8,Food and Beverage,,,
broached.pink,available,50,0%,8,Food and Beverage,,,
acquitted.pink,available,50,1%,9,Law,,,
adhominem.pink,available,50,2%,10,"Humanities,Law,Politics",,,
needlelike.pink,available,50,0%,10,"Engineering,Medicine,Science",,,
acellular.pink,available,50,1%,9,Science,,,
abdicable.pink,available,50,0%,9,Law,,,
spinous.pink,available,50,1%,7,"Agriculture,Science",,,
trine.pink,available,50,11%,5,"General,Religion",,,
abomasal.pink,available,50,0%,8,Agriculture,,,
abbatial.pink,available,50,0%,8,Religion,,,
aculeated.pink,available,50,0%,9,"Engineering,Medicine,Science",,,
aborticide.pink,available,50,0%,10,Medicine,,,
acetous.pink,available,50,1%,7,Science,,,
scummy.pink,available,50,1%,6,Humanities,,,
apriori.pink,available,48,13%,8,Mathematics,,,
lxxxviii.pink,available,48,1%,8,Mathematics,,,
notguilty.pink,available,48,5%,10,Law,,,
ilxx.pink,available,48,1%,4,Mathematics,,,
execrable.pink,available,48,0%,9,"Entertainment,Humanities",,,
abyssal.pink,available,48,12%,7,"Arts,Entertainment,Media",,,
abstracted.pink,available,48,5%,10,"Arts,Humanities,Science",,,
ilxxx.pink,available,48,1%,5,Mathematics,,,
acanthoid.pink,available,46,1%,9,"Agriculture,Science",,,
acapnial.pink,available,46,0%,8,"Healthcare,Medicine,Science",,,
achromous.pink,available,46,1%,9,Science,,,
acaudate.pink,available,46,1%,8,"Agriculture,Science",,,
stripling.pink,available,46,2%,9,"Education,Entertainment,Healthcare",,,
quaternary.pink,available,46,3%,10,Mathematics,,,
acarpous.pink,available,46,0%,8,"Agriculture,Science",,,
acetylenic.pink,available,46,1%,10,Science,,,
acetonic.pink,available,46,1%,8,Science,,,
acanthous.pink,available,46,0%,9,"Agriculture,Science",,,
vinegarish.pink,available,46,1%,10,Food and Beverage,,,
theabsurd.pink,available,46,1%,10,"Arts,Entertainment,Media",,,
stemless.pink,available,46,2%,8,"Agriculture,Science",,,
acheronian.pink,available,46,1%,10,Humanities,,,
achenial.pink,available,46,1%,8,Science,,,
achromic.pink,available,46,2%,8,Science,,,
acetabular.pink,available,46,1%,10,Science,,,
cotyloid.pink,available,46,1%,8,Science,,,
acarpelous.pink,available,46,0%,10,"Agriculture,Science",,,
acicular.pink,available,46,2%,8,Science,,,
acephalous.pink,available,46,1%,10,Science,,,
acanthotic.pink,available,46,0%,10,"Agriculture,Science",,,
acetylic.pink,available,46,1%,8,Science,,,
cotyloidal.pink,available,44,1%,10,Science,,,
accusatory.pink,available,44,1%,10,Law,,,
acherontic.pink,available,44,1%,10,Humanities,,,
abscessed.pink,available,41,0%,9,Healthcare,,,
phoebe.pink,available,41,14%,6,Science,,,
accusive.pink,available,40,1%,8,Law,,,
accurst.pink,available,40,1%,7,Religion,,,
scurrilous.pink,available,40,1%,10,"Entertainment,Media,Politics",,,